model,feature_set,n_features,cv_mape_mean,cv_mape_std,valid_mape,heldout_mape,heldout_se,complexity,reference_only
baseline_median,A,2,19.287364447864917,6.571335451548082,18.962324785820016,19.29882481902952,2.1687483185268723,0,True
ols,A,2,14.383820931340974,6.263046864441587,9.686148266099389,13.290947408515144,2.3892253803547012,2,False
ridge,A,2,14.506511021178842,5.804255685344215,9.828900806772037,13.403407680345719,2.1448736346846986,4,False
ridge,B,8,19.705758509697766,12.48139256611415,8.926836103568663,17.108616025511065,4.740377467726761,5,False
elastic_net,A,2,12.916071219679745,2.655395466787228,11.63496570883317,12.677764173121862,1.255992976450893,6,False
elastic_net,B,8,12.562799300207088,5.244166421654725,9.583125623398747,11.919669843547961,1.7627615210756502,7,False
ridge_quad,A,3,11.082711342914271,3.0503024693811533,7.226836285844179,10.223746076273017,1.435958374528157,8,False
huber,A,2,14.5289733967582,6.498997964950474,9.837450935141085,13.432658977707192,2.429999523548062,10,False
huber,B,8,14.414434820944205,12.162805117918772,9.374145871783918,13.22035815203346,2.824530391849928,11,False
random_forest,A,2,11.026010302061366,3.202659948610982,8.546919336231179,10.53769855044116,1.1459045873125042,12,False
random_forest,B,8,11.40537640831614,3.750478462889024,7.815232227607308,10.692332816457855,1.2466074709526662,13,False
gradient_boosting,A,2,11.056863073058917,2.053651905863285,6.699804670103346,10.179224995087356,1.0743437133954168,14,False
gradient_boosting,B,8,11.646959631392967,2.7319451956273126,5.091382653870875,10.294858019338502,1.035181006575661,15,False
