model,feature_set,Test MAPE (%),편향 (%),최소 예측 수명
baseline_median,A,72.65623300443528,68.15357734094957,858.4986895738398
ols,A,36.805783875951875,34.82896005268618,563.8869780357852
ridge,A,41.557661458868864,38.960142978315936,603.5874005835268
ridge,B,55.81692503452605,50.387904179074695,472.6279909037826
elastic_net,A,45.31133792576723,42.18133778715248,630.9296448642718
elastic_net,B,53.457715342010175,49.46582238460531,507.48560785119594
ridge_quad,A,25.177242837868846,24.21247768052901,423.94727788773696
huber,A,35.010170237886946,33.31723350825202,548.244980946899
huber,B,45.456094345995005,41.90137557423957,503.9910560397694
random_forest,A,31.246784678057193,30.804831779835812,597.0106988558917
random_forest,B,37.05440769270265,36.174262259373826,610.607268061972
gradient_boosting,A,31.985842213708285,31.83464631895821,554.631950866548
gradient_boosting,B,36.31193527421168,35.630067943849824,548.2838768647301
