,policy,cycle_life,pred_cycle_life,error_cycles,error_pct,ape,newstructure,shares_batch1_protocol,n_features_out_of_range,dq_log10_var,dq_kurtosis,dq_positive
batch2_c000,5.2C(58%)-4C,477.0,624.297495547391,147.297495547391,30.879978102178406,30.879978102178406,False,False,0,-3.4872647963011447,-1.2425693276988776,False
batch2_c001,5.6C(26%)-4.5C,491.0,525.9974376932746,34.997437693274605,7.127787717571203,7.127787717571203,False,False,1,-3.2980513654760366,-1.1591037362491994,False
batch2_c002,5.2C(50%)-4.25C,424.0,607.7985551353623,183.79855513536234,43.34871583381187,43.34871583381187,False,False,1,-3.4602483651128177,-1.4037552179038564,False
batch2_c003,4.65C(44%)-5C,499.0,634.710964004627,135.71096400462704,27.19658597287115,27.19658597287115,False,False,0,-3.496242996974693,-0.8132615623395765,False
batch2_c004,4.65C(69%)-6C,444.0,491.6016634973565,47.601663497356526,10.721095382287507,10.721095382287507,False,False,1,-3.232506812226559,-1.3023522360528514,False
batch2_c005,3.6C(30%)-6C,416.0,423.94727788773696,7.947277887736959,1.9104033383983074,1.9104033383983074,False,False,1,-3.085881724279185,-1.0375622697150644,False
batch2_c006,3.6C(9%)-5C,393.0,647.7442436849257,254.74424368492566,64.82041824043911,64.82041824043911,False,False,0,-3.53003968650195,-1.2152710216386973,False
batch2_c007,4.8C(80%)-4.8C-newstructure,777.0,1010.9641993976106,233.96419939761063,30.111222573695063,30.111222573695063,True,False,0,-4.231670089905405,-1.32663775372589,False
batch2_c008,5.2C(58%)-4C-newstructure,904.0,958.0877166586503,54.087716658650265,5.983154497638304,5.983154497638304,True,False,0,-4.10242248030074,-0.9510309415303917,False
batch2_c009,5.6C(26%)-4.5C-newstructure,791.0,1070.7470416500075,279.74704165000753,35.36625052465329,35.36625052465329,True,False,0,-4.344425682662564,-0.7640813420594519,True
batch2_c010,4.8C(80%)-4.8C,492.0,604.8131365117492,112.81313651174924,22.929499291005943,22.929499291005943,False,True,0,-3.4509001132975605,-1.2438031735572375,False
batch2_c011,5.2C(50%)-4.25C,449.0,623.322717238477,174.32271723847703,38.82465862772317,38.82465862772317,False,False,0,-3.485393220979881,-1.2401569257962999,False
batch2_c012,4.65C(44%)-5C,466.0,460.75639911065815,-5.243600889341849,-1.1252362423480362,1.1252362423480362,False,False,1,-3.1679683681509765,-1.2407739291824722,False
batch2_c013,4.65C(69%)-6C,460.0,550.5437171181775,90.54371711817748,19.683416764821192,19.683416764821192,False,False,0,-3.3444477218838284,-1.0960042358526476,False
batch2_c014,3.6C(30%)-6C,426.0,438.68652603368326,12.686526033683265,2.978057754385743,2.978057754385743,False,False,1,-3.118519966248836,-1.0885540736711687,False
batch2_c015,3.6C(9%)-5C,396.0,637.9387029282954,241.93870292829536,61.09563205259983,61.09563205259983,False,False,1,-3.516251926776714,-1.393294007166598,False
batch2_c016,4.8C(80%)-4.8C,472.0,627.6923146609298,155.6923146609298,32.98565988579021,32.98565988579021,False,True,0,-3.494880991874622,-1.296859819157223,False
batch2_c017,5.6C(26%)-4.5C,471.0,630.7962268884932,159.79622688849315,33.92701207823634,33.92701207823634,False,False,0,-3.5003441284740386,-1.2841547971218787,False
batch2_c018,5.2C(50%)-4.25C,449.0,741.1030092705669,292.1030092705669,65.05634950346702,65.05634950346702,False,False,1,-3.707302736176298,-1.4464132518406025,False
batch2_c019,6C(60%)-3C,392.0,521.57645602516,129.57645602516004,33.055218373765314,33.055218373765314,False,True,1,-3.291958004542694,-1.2820390748353814,False
batch2_c020,5.2C(58%)-4C,489.0,603.2332356901204,114.23323569012041,23.360579895730147,23.360579895730147,False,False,0,-3.4413054314104006,-0.9586720317032245,False
batch2_c021,6C(60%)-3C,408.0,539.6319610803984,131.63196108039836,32.262735558921165,32.262735558921165,False,True,1,-3.326679075199306,-1.251144668601027,False
batch2_c024,4.8C(80%)-4.8C,514.0,707.757340158314,193.75734015831404,37.69598057554748,37.69598057554748,False,True,0,-3.6408852680750527,-1.2469400096581615,False
batch2_c025,5.2C(58%)-4C,493.0,648.2984333752765,155.29843337527655,31.500696425005387,31.500696425005387,False,False,0,-3.5344779300217333,-1.3538645859474825,False
batch2_c026,5.6C(26%)-4.5C,450.0,487.59632942856484,37.59632942856484,8.35473987301441,8.35473987301441,False,False,1,-3.2220536077932804,-1.187711331786615,False
batch2_c027,5.2C(50%)-4.25C,474.0,622.2814715602602,148.28147156026023,31.28301087769203,31.28301087769203,False,False,0,-3.48620363289781,-1.3553178034578717,False
batch2_c028,4.8C(80%)-4.8C,437.0,588.4190099783616,151.4190099783616,34.64965903395002,34.64965903395002,False,True,1,-3.4234111691232063,-1.3911812962111165,False
batch2_c029,5.2C(58%)-4C,452.0,634.2947637847715,182.29476378477148,40.33069995238307,40.33069995238307,False,False,0,-3.5082481790944344,-1.342338197231876,False
batch2_c030,5.6C(26%)-4.5C,412.0,469.5477124146933,57.54771241469331,13.967891362789638,13.967891362789638,False,False,1,-3.1854095592748743,-1.2012566680423964,False
batch2_c031,5.6C(26%)-4.5C,425.0,553.8135025548893,128.81350255488928,30.30905942467983,30.30905942467983,False,False,0,-3.35235883148731,-1.1694734897447134,False
batch2_c032,4.8C(80%)-4.8C-newstructure,809.0,971.7904364887697,162.79043648876973,20.12242725448328,20.12242725448328,True,False,0,-4.131466155166347,-0.9720788247962671,False
batch2_c033,5.2C(58%)-4C-newstructure,1140.0,1018.264772862866,-121.73522713713396,-10.678528696239821,10.678528696239821,True,False,0,-4.23162831933775,-0.9761491385628052,True
batch2_c034,5.6C(26%)-4.5C-newstructure,1186.0,1107.149545215037,-78.85045478496295,-6.648436322509524,6.648436322509524,True,False,0,-4.448585173324752,-0.8874031140532539,False
batch2_c041,5.6C(26%)-4.5C,442.0,463.7540422107118,21.754042210711816,4.921729006948375,4.921729006948375,False,False,1,-3.1723658101769976,-1.1480576715129351,False
batch2_c042,5.2C(50%)-4.25C,474.0,622.7167145333365,148.71671453333647,31.374834289733432,31.374834289733432,False,False,0,-3.482587648007536,-1.1698091863355191,False
batch2_c043,4.8C(80%)-4.8C-newstructure,1029.0,1040.0000870428644,11.00008704286438,1.0690074871588318,1.0690074871588318,True,False,0,-4.271781928623568,-0.7838825610102407,True
batch2_c044,5.2C(58%)-4C-newstructure,841.0,1071.1370836066126,230.13708360661258,27.364694840263088,27.364694840263088,True,False,0,-4.36452348032534,-1.106872968238788,False
batch2_c045,5.6C(26%)-4.5C-newstructure,997.0,993.4036285089168,-3.5963714910832323,-0.36071930702941146,0.36071930702941146,True,False,0,-4.175214949171005,-0.9304722417408056,False
batch2_c046,4.8C(80%)-4.8C,503.0,636.4493593076483,133.44935930764825,26.530687735118935,26.530687735118935,False,True,0,-3.5088751328187002,-1.2034359823824068,True
